,HDIrank,Country,HDI,LifeExpectancy,ExpectedSchoolingYears,MeanSchoolingYears,GNIperCapita,LastYearRank,Category,alpha2Code,alpha3Code,capital,region,subregion,population,flag
0,1,Norway,0.9540000000000001,82.3,18.1,12.6,68059,1,VERY HIGH HDI,NO,NOR,Oslo,Europe,Northern Europe,5223256,https://restcountries.eu/data/nor.svg
1,2,Switzerland,0.946,83.6,16.2,13.4,59375,2,VERY HIGH HDI,CH,CHE,Bern,Europe,Western Europe,8341600,https://restcountries.eu/data/che.svg
2,3,Ireland,0.9420000000000001,82.1,18.8,12.5,55660,3,VERY HIGH HDI,IE,IRL,Dublin,Europe,Northern Europe,6378000,https://restcountries.eu/data/irl.svg
3,4,Germany,0.9390000000000001,81.2,17.1,14.1,46946,4,VERY HIGH HDI,DE,DEU,Berlin,Europe,Western Europe,81770900,https://restcountries.eu/data/deu.svg
4,5,Hong Kong,0.9390000000000001,84.7,16.5,12.0,60221,6,VERY HIGH HDI,HK,HKG,City of Victoria,Asia,Eastern Asia,7324300,https://restcountries.eu/data/hkg.svg
5,6,Australia,0.938,83.3,22.1,12.7,44097,5,VERY HIGH HDI,AU,AUS,Canberra,Oceania,Australia and New Zealand,24117360,https://restcountries.eu/data/aus.svg
6,7,Iceland,0.938,82.9,19.2,12.5,47566,7,VERY HIGH HDI,IS,ISL,Reykjavík,Europe,Northern Europe,334300,https://restcountries.eu/data/isl.svg
7,8,Sweden,0.937,82.7,18.8,12.4,47955,7,VERY HIGH HDI,SE,SWE,Stockholm,Europe,Northern Europe,9894888,https://restcountries.eu/data/swe.svg
8,9,Singapore,0.935,83.5,16.3,11.5,83792,9,VERY HIGH HDI,SG,SGP,Singapore,Asia,South-Eastern Asia,5535000,https://restcountries.eu/data/sgp.svg
9,10,Netherlands,0.9329999999999999,82.1,18.0,12.2,50013,10,VERY HIGH HDI,NL,NLD,Amsterdam,Europe,Western Europe,17019800,https://restcountries.eu/data/nld.svg
10,11,Denmark,0.93,80.8,19.1,12.6,48836,11,VERY HIGH HDI,DK,DNK,Copenhagen,Europe,Northern Europe,5717014,https://restcountries.eu/data/dnk.svg
11,12,Finland,0.925,81.7,19.3,12.4,41779,12,VERY HIGH HDI,FI,FIN,Helsinki,Europe,Northern Europe,5491817,https://restcountries.eu/data/fin.svg
12,13,Canada,0.922,82.3,16.1,13.3,43602,13,VERY HIGH HDI,CA,CAN,Ottawa,Americas,Northern America,36155487,https://restcountries.eu/data/can.svg
13,14,New Zealand,0.9209999999999999,82.1,18.8,12.7,35108,14,VERY HIGH HDI,NZ,NZL,Wellington,Oceania,Australia and New Zealand,4697854,https://restcountries.eu/data/nzl.svg
14,15,United Kingdom of Great Britain and Northern Ireland,0.92,81.2,17.4,13.0,39507,15,VERY HIGH HDI,GB,GBR,London,Europe,Northern Europe,65110000,https://restcountries.eu/data/gbr.svg
15,16,United States of America,0.92,78.9,16.3,13.4,56140,15,VERY HIGH HDI,US,USA,"Washington, D.C.",Americas,Northern America,323947000,https://restcountries.eu/data/usa.svg
16,17,Belgium,0.919,81.5,19.7,11.8,43821,17,VERY HIGH HDI,BE,BEL,Brussels,Europe,Western Europe,11319511,https://restcountries.eu/data/bel.svg
17,18,Liechtenstein,0.917,80.5,14.7,12.5,99732,18,VERY HIGH HDI,LI,LIE,Vaduz,Europe,Western Europe,37623,https://restcountries.eu/data/lie.svg
18,19,Japan,0.915,84.5,15.2,12.8,40799,19,VERY HIGH HDI,JP,JPN,Tokyo,Asia,Eastern Asia,126960000,https://restcountries.eu/data/jpn.svg
19,20,Austria,0.914,81.4,16.3,12.6,46231,20,VERY HIGH HDI,AT,AUT,Vienna,Europe,Western Europe,8725931,https://restcountries.eu/data/aut.svg
20,21,Luxembourg,0.909,82.1,14.2,12.2,65543,21,VERY HIGH HDI,LU,LUX,Luxembourg,Europe,Western Europe,576200,https://restcountries.eu/data/lux.svg
21,22,Israel,0.9059999999999999,82.8,16.0,13.0,33650,22,VERY HIGH HDI,IL,ISR,Jerusalem,Asia,Western Asia,8527400,https://restcountries.eu/data/isr.svg
22,23,Korea (Republic of),0.9059999999999999,82.8,16.4,12.2,36757,22,VERY HIGH HDI,KR,KOR,Seoul,Asia,Eastern Asia,50801405,https://restcountries.eu/data/kor.svg
23,24,Slovenia,0.902,81.2,17.4,12.3,32143,24,VERY HIGH HDI,SI,SVN,Ljubljana,Europe,Southern Europe,2064188,https://restcountries.eu/data/svn.svg
24,25,Spain,0.893,83.4,17.9,9.8,35041,25,VERY HIGH HDI,ES,ESP,Madrid,Europe,Southern Europe,46438422,https://restcountries.eu/data/esp.svg
25,26,Czech Republic,0.8909999999999999,79.2,16.8,12.7,31596,27,VERY HIGH HDI,CZ,CZE,Prague,Europe,Eastern Europe,10558524,https://restcountries.eu/data/cze.svg
26,27,France,0.8909999999999999,82.5,15.5,11.4,40510,26,VERY HIGH HDI,FR,FRA,Paris,Europe,Western Europe,66710000,https://restcountries.eu/data/fra.svg
27,28,Malta,0.885,82.4,15.9,11.3,34795,28,VERY HIGH HDI,MT,MLT,Valletta,Europe,Southern Europe,425384,https://restcountries.eu/data/mlt.svg
28,29,Italy,0.883,83.4,16.2,10.2,36141,29,VERY HIGH HDI,IT,ITA,Rome,Europe,Southern Europe,60665551,https://restcountries.eu/data/ita.svg
29,30,Estonia,0.882,78.6,16.1,13.0,30379,30,VERY HIGH HDI,EE,EST,Tallinn,Europe,Northern Europe,1315944,https://restcountries.eu/data/est.svg
30,31,Cyprus,0.873,80.8,14.7,12.1,33100,31,VERY HIGH HDI,CY,CYP,Nicosia,Europe,Southern Europe,847000,https://restcountries.eu/data/cyp.svg
31,32,Greece,0.872,82.1,17.3,10.5,24909,31,VERY HIGH HDI,GR,GRC,Athens,Europe,Southern Europe,10858018,https://restcountries.eu/data/grc.svg
32,33,Poland,0.872,78.5,16.4,12.3,27625,33,VERY HIGH HDI,PL,POL,Warsaw,Europe,Eastern Europe,38437239,https://restcountries.eu/data/pol.svg
33,34,Lithuania,0.8690000000000001,75.7,16.5,13.0,29775,34,VERY HIGH HDI,LT,LTU,Vilnius,Europe,Northern Europe,2872294,https://restcountries.eu/data/ltu.svg
34,35,United Arab Emirates,0.866,77.8,13.6,11.0,66911,35,VERY HIGH HDI,AE,ARE,Abu Dhabi,Asia,Western Asia,9856000,https://restcountries.eu/data/are.svg
35,36,Andorra,0.857,81.8,13.3,10.2,48641,38,VERY HIGH HDI,AD,AND,Andorra la Vella,Europe,Southern Europe,78014,https://restcountries.eu/data/and.svg
36,37,Saudi Arabia,0.857,75.0,17.0,9.7,49338,36,VERY HIGH HDI,SA,SAU,Riyadh,Asia,Western Asia,32248200,https://restcountries.eu/data/sau.svg
37,38,Slovakia,0.857,77.4,14.5,12.6,30671,37,VERY HIGH HDI,SK,SVK,Bratislava,Europe,Eastern Europe,5426252,https://restcountries.eu/data/svk.svg
38,39,Latvia,0.8540000000000001,75.2,16.0,12.8,26301,39,VERY HIGH HDI,LV,LVA,Riga,Europe,Northern Europe,1961600,https://restcountries.eu/data/lva.svg
39,40,Portugal,0.85,81.9,16.3,9.2,27935,40,VERY HIGH HDI,PT,PRT,Lisbon,Europe,Southern Europe,10374822,https://restcountries.eu/data/prt.svg
40,41,Qatar,0.848,80.1,12.2,9.7,110,40,VERY HIGH HDI,QA,QAT,Doha,Asia,Western Asia,2587564,https://restcountries.eu/data/qat.svg
41,42,Chile,0.847,80.0,16.5,10.4,21971,42,VERY HIGH HDI,CL,CHL,Santiago,Americas,South America,18191900,https://restcountries.eu/data/chl.svg
42,43,Brunei Darussalam,0.845,75.7,14.4,9.1,76389,43,VERY HIGH HDI,BN,BRN,Bandar Seri Begawan,Asia,South-Eastern Asia,411900,https://restcountries.eu/data/brn.svg
43,44,Hungary,0.845,76.7,15.1,11.9,27144,44,VERY HIGH HDI,HU,HUN,Budapest,Europe,Eastern Europe,9823000,https://restcountries.eu/data/hun.svg
44,45,Bahrain,0.838,77.2,15.3,9.4,40399,45,VERY HIGH HDI,BH,BHR,Manama,Asia,Western Asia,1404900,https://restcountries.eu/data/bhr.svg
45,46,Croatia,0.8370000000000001,78.3,15.0,11.4,23061,46,VERY HIGH HDI,HR,HRV,Zagreb,Europe,Southern Europe,4190669,https://restcountries.eu/data/hrv.svg
46,47,Oman,0.8340000000000001,77.6,14.7,9.7,37039,47,VERY HIGH HDI,OM,OMN,Muscat,Asia,Western Asia,4420133,https://restcountries.eu/data/omn.svg
47,48,Argentina,0.83,76.5,17.6,10.6,17611,48,VERY HIGH HDI,AR,ARG,Buenos Aires,Americas,South America,43590400,https://restcountries.eu/data/arg.svg
48,49,Russian Federation,0.8240000000000001,72.4,15.5,12.0,25035,49,VERY HIGH HDI,RU,RUS,Moscow,Europe,Eastern Europe,146599183,https://restcountries.eu/data/rus.svg
49,50,Belarus,0.8170000000000001,74.6,15.4,12.3,17039,50,VERY HIGH HDI,BY,BLR,Minsk,Europe,Eastern Europe,9498700,https://restcountries.eu/data/blr.svg
50,51,Kazakhstan,0.8170000000000001,73.2,15.3,11.8,22168,51,VERY HIGH HDI,KZ,KAZ,Astana,Asia,Central Asia,17753200,https://restcountries.eu/data/kaz.svg
51,52,Bulgaria,0.816,74.9,14.8,11.8,19646,51,VERY HIGH HDI,BG,BGR,Sofia,Europe,Eastern Europe,7153784,https://restcountries.eu/data/bgr.svg
52,53,Montenegro,0.816,76.8,15.0,11.4,17511,51,VERY HIGH HDI,ME,MNE,Podgorica,Europe,Southern Europe,621810,https://restcountries.eu/data/mne.svg
53,54,Romania,0.816,75.9,14.3,11.0,23906,51,VERY HIGH HDI,RO,ROU,Bucharest,Europe,Eastern Europe,19861408,https://restcountries.eu/data/rou.svg
54,55,Palau,0.8140000000000001,73.7,15.6,12.4,16720,56,VERY HIGH HDI,PW,PLW,Ngerulmud,Oceania,Micronesia,17950,https://restcountries.eu/data/plw.svg
55,56,Barbados,0.813,79.1,15.2,10.6,15912,51,VERY HIGH HDI,BB,BRB,Bridgetown,Americas,Caribbean,285000,https://restcountries.eu/data/brb.svg
56,57,Kuwait,0.8079999999999999,75.4,13.8,7.3,71164,57,VERY HIGH HDI,KW,KWT,Kuwait City,Asia,Western Asia,4183658,https://restcountries.eu/data/kwt.svg
57,58,Uruguay,0.8079999999999999,77.8,16.3,8.7,19435,58,VERY HIGH HDI,UY,URY,Montevideo,Americas,South America,3480222,https://restcountries.eu/data/ury.svg
58,59,Turkey,0.8059999999999999,77.4,16.4,7.7,24905,59,VERY HIGH HDI,TR,TUR,Ankara,Asia,Western Asia,78741053,https://restcountries.eu/data/tur.svg
59,60,Bahamas,0.805,73.8,12.8,11.5,28395,60,VERY HIGH HDI,BS,BHS,Nassau,Americas,Caribbean,378040,https://restcountries.eu/data/bhs.svg
60,61,Malaysia,0.804,76.0,13.5,10.2,27226,61,VERY HIGH HDI,MY,MYS,Kuala Lumpur,Asia,South-Eastern Asia,31405416,https://restcountries.eu/data/mys.svg
61,62,Seychelles,0.8009999999999999,73.3,15.5,9.7,25077,62,VERY HIGH HDI,SC,SYC,Victoria,Africa,Eastern Africa,91400,https://restcountries.eu/data/syc.svg
62,63,Serbia,0.799,75.8,14.8,11.2,15218,65,HIGH HDI,RS,SRB,Belgrade,Europe,Southern Europe,7076372,https://restcountries.eu/data/srb.svg
63,64,Trinidad and Tobago,0.799,73.4,13.0,11.0,28497,63,HIGH HDI,TT,TTO,Port of Spain,Americas,Caribbean,1349667,https://restcountries.eu/data/tto.svg
64,65,Iran (Islamic Republic of),0.797,76.5,14.7,10.0,18166,63,HIGH HDI,IR,IRN,Tehran,Asia,Southern Asia,79369900,https://restcountries.eu/data/irn.svg
65,66,Mauritius,0.7959999999999999,74.9,15.0,9.4,22724,66,HIGH HDI,MU,MUS,Port Louis,Africa,Eastern Africa,1262879,https://restcountries.eu/data/mus.svg
66,67,Panama,0.795,78.3,12.9,10.2,20455,66,HIGH HDI,PA,PAN,Panama City,Americas,Central America,3814672,https://restcountries.eu/data/pan.svg
67,68,Costa Rica,0.794,80.1,15.4,8.7,14790,68,HIGH HDI,CR,CRI,San José,Americas,Central America,4890379,https://restcountries.eu/data/cri.svg
68,69,Albania,0.7909999999999999,78.5,15.2,10.1,12300,69,HIGH HDI,AL,ALB,Tirana,Europe,Southern Europe,2886026,https://restcountries.eu/data/alb.svg
69,70,Georgia,0.7859999999999999,73.6,15.4,12.8,9570,70,HIGH HDI,GE,GEO,Tbilisi,Asia,Western Asia,3720400,https://restcountries.eu/data/geo.svg
70,71,Sri Lanka,0.78,76.8,14.0,11.1,11610,72,HIGH HDI,LK,LKA,Colombo,Asia,Southern Asia,20966000,https://restcountries.eu/data/lka.svg
71,72,Cuba,0.778,78.7,14.4,11.8,7811,71,HIGH HDI,CU,CUB,Havana,Americas,Caribbean,11239004,https://restcountries.eu/data/cub.svg
72,73,Saint Kitts and Nevis,0.777,74.6,13.6,8.5,26770,73,HIGH HDI,KN,KNA,Basseterre,Americas,Caribbean,46204,https://restcountries.eu/data/kna.svg
73,74,Antigua and Barbuda,0.7759999999999999,76.9,12.5,9.3,22201,73,HIGH HDI,AG,ATG,Saint John's,Americas,Caribbean,86295,https://restcountries.eu/data/atg.svg
74,75,Bosnia and Herzegovina,0.769,77.3,13.8,9.7,12690,75,HIGH HDI,BA,BIH,Sarajevo,Europe,Southern Europe,3531159,https://restcountries.eu/data/bih.svg
75,76,Mexico,0.767,75.0,14.3,8.6,17628,76,HIGH HDI,MX,MEX,Mexico City,Americas,Central America,122273473,https://restcountries.eu/data/mex.svg
76,77,Thailand,0.765,76.9,14.7,7.7,16129,77,HIGH HDI,TH,THA,Bangkok,Asia,South-Eastern Asia,65327652,https://restcountries.eu/data/tha.svg
77,78,Grenada,0.763,72.4,16.6,8.8,12684,78,HIGH HDI,GD,GRD,St. George's,Americas,Caribbean,103328,https://restcountries.eu/data/grd.svg
78,79,Brazil,0.7609999999999999,75.7,15.4,7.8,14068,78,HIGH HDI,BR,BRA,Brasília,Americas,South America,206135893,https://restcountries.eu/data/bra.svg
79,80,Colombia,0.7609999999999999,77.1,14.6,8.3,12895,78,HIGH HDI,CO,COL,Bogotá,Americas,South America,48759958,https://restcountries.eu/data/col.svg
80,81,Armenia,0.76,74.9,13.2,11.8,9277,81,HIGH HDI,AM,ARM,Yerevan,Asia,Western Asia,2994400,https://restcountries.eu/data/arm.svg
81,82,Algeria,0.759,76.7,14.7,8.0,13639,81,HIGH HDI,DZ,DZA,Algiers,Africa,Northern Africa,40400000,https://restcountries.eu/data/dza.svg
82,83,Macedonia (the former Yugoslav Republic of),0.759,75.7,13.5,9.7,12874,81,HIGH HDI,MK,MKD,Skopje,Europe,Southern Europe,2058539,https://restcountries.eu/data/mkd.svg
83,84,Peru,0.759,76.5,13.8,9.2,12323,85,HIGH HDI,PE,PER,Lima,Americas,South America,31488700,https://restcountries.eu/data/per.svg
84,85,China,0.758,76.7,13.9,7.9,16126,86,HIGH HDI,CN,CHN,Beijing,Asia,Eastern Asia,1377422166,https://restcountries.eu/data/chn.svg
85,86,Ecuador,0.758,76.8,14.9,9.0,10141,84,HIGH HDI,EC,ECU,Quito,Americas,South America,16545799,https://restcountries.eu/data/ecu.svg
86,87,Azerbaijan,0.754,72.9,12.4,10.5,15240,87,HIGH HDI,AZ,AZE,Baku,Asia,Western Asia,9730500,https://restcountries.eu/data/aze.svg
87,88,Ukraine,0.75,72.0,15.1,11.3,7994,88,HIGH HDI,UA,UKR,Kiev,Europe,Eastern Europe,42692393,https://restcountries.eu/data/ukr.svg
88,89,Dominican Republic,0.745,73.9,14.1,7.9,15074,90,HIGH HDI,DO,DOM,Santo Domingo,Americas,Caribbean,10075045,https://restcountries.eu/data/dom.svg
89,90,Saint Lucia,0.745,76.1,13.9,8.5,11527,89,HIGH HDI,LC,LCA,Castries,Americas,Caribbean,186000,https://restcountries.eu/data/lca.svg
90,91,Tunisia,0.7390000000000001,76.5,15.1,7.2,10677,91,HIGH HDI,TN,TUN,Tunis,Africa,Northern Africa,11154400,https://restcountries.eu/data/tun.svg
91,92,Mongolia,0.735,69.7,14.2,10.2,10784,94,HIGH HDI,MN,MNG,Ulan Bator,Asia,Eastern Asia,3093100,https://restcountries.eu/data/mng.svg
92,93,Lebanon,0.73,78.9,11.3,8.7,11136,93,HIGH HDI,LB,LBN,Beirut,Asia,Western Asia,5988000,https://restcountries.eu/data/lbn.svg
93,94,Botswana,0.728,69.3,12.7,9.3,15950,97,HIGH HDI,BW,BWA,Gaborone,Africa,Southern Africa,2141206,https://restcountries.eu/data/bwa.svg
94,95,Saint Vincent and the Grenadines,0.728,72.4,13.6,8.6,11745,95,HIGH HDI,VC,VCT,Kingstown,Americas,Caribbean,109991,https://restcountries.eu/data/vct.svg
95,96,Jamaica,0.726,74.4,13.1,9.8,7932,96,HIGH HDI,JM,JAM,Kingston,Americas,Caribbean,2723246,https://restcountries.eu/data/jam.svg
96,97,Venezuela (Bolivarian Republic of),0.726,72.1,12.8,10.3,9070,92,HIGH HDI,VE,VEN,Caracas,Americas,South America,31028700,https://restcountries.eu/data/ven.svg
97,98,Dominica,0.7240000000000001,78.1,13.0,7.8,9245,98,HIGH HDI,DM,DMA,Roseau,Americas,Caribbean,71293,https://restcountries.eu/data/dma.svg
98,99,Fiji,0.7240000000000001,67.3,14.4,10.9,9110,102,HIGH HDI,FJ,FJI,Suva,Oceania,Melanesia,867000,https://restcountries.eu/data/fji.svg
99,100,Paraguay,0.7240000000000001,74.1,12.7,8.5,11720,99,HIGH HDI,PY,PRY,Asunción,Americas,South America,6854536,https://restcountries.eu/data/pry.svg
100,101,Suriname,0.7240000000000001,71.6,12.9,9.1,11933,99,HIGH HDI,SR,SUR,Paramaribo,Americas,South America,541638,https://restcountries.eu/data/sur.svg
101,102,Jordan,0.723,74.4,11.9,10.5,8267,99,HIGH HDI,JO,JOR,Amman,Asia,Western Asia,9531712,https://restcountries.eu/data/jor.svg
102,103,Belize,0.72,74.5,13.1,9.8,7136,103,HIGH HDI,BZ,BLZ,Belmopan,Americas,Central America,370300,https://restcountries.eu/data/blz.svg
103,104,Maldives,0.7190000000000001,78.6,12.1,6.8,12549,105,HIGH HDI,MV,MDV,Malé,Asia,Southern Asia,344023,https://restcountries.eu/data/mdv.svg
104,105,Tonga,0.7170000000000001,70.8,14.3,11.2,5782,104,HIGH HDI,TO,TON,Nuku'alofa,Oceania,Polynesia,103252,https://restcountries.eu/data/ton.svg
105,106,Philippines,0.7120000000000001,71.1,12.7,9.4,9540,106,HIGH HDI,PH,PHL,Manila,Asia,South-Eastern Asia,103279800,https://restcountries.eu/data/phl.svg
106,107,Moldova (Republic of),0.711,71.8,11.6,11.6,6832,106,HIGH HDI,MD,MDA,Chișinău,Europe,Eastern Europe,3553100,https://restcountries.eu/data/mda.svg
107,108,Turkmenistan,0.71,68.1,10.9,9.8,16407,108,HIGH HDI,TM,TKM,Ashgabat,Asia,Central Asia,4751120,https://restcountries.eu/data/tkm.svg
108,109,Uzbekistan,0.71,71.6,12.0,11.5,6462,109,HIGH HDI,UZ,UZB,Tashkent,Asia,Central Asia,31576400,https://restcountries.eu/data/uzb.svg
109,110,Libya,0.708,72.7,12.8,7.6,11685,111,HIGH HDI,LY,LBY,Tripoli,Africa,Northern Africa,6385000,https://restcountries.eu/data/lby.svg
110,111,Indonesia,0.7070000000000001,71.5,12.9,8.0,11255,111,HIGH HDI,ID,IDN,Jakarta,Asia,South-Eastern Asia,258705000,https://restcountries.eu/data/idn.svg
111,112,Samoa,0.7070000000000001,73.2,12.5,10.6,5885,110,HIGH HDI,WS,WSM,Apia,Oceania,Polynesia,194899,https://restcountries.eu/data/wsm.svg
112,113,South Africa,0.705,63.9,13.7,10.2,11755,111,HIGH HDI,ZA,ZAF,Pretoria,Africa,Southern Africa,55653654,https://restcountries.eu/data/zaf.svg
113,114,Bolivia (Plurinational State of),0.703,71.2,14.0,9.0,6849,114,HIGH HDI,BO,BOL,Sucre,Americas,South America,10985059,https://restcountries.eu/data/bol.svg
114,115,Gabon,0.7020000000000001,66.2,12.9,8.3,15794,114,HIGH HDI,GA,GAB,Libreville,Africa,Middle Africa,1802278,https://restcountries.eu/data/gab.svg
115,116,Egypt,0.7,71.8,13.1,7.3,10744,116,HIGH HDI,EG,EGY,Cairo,Africa,Northern Africa,91290000,https://restcountries.eu/data/egy.svg
116,117,Marshall Islands,0.698,73.9,12.4,10.9,4633,116,MEDIUM HDI,MH,MHL,Majuro,Oceania,Micronesia,54880,https://restcountries.eu/data/mhl.svg
117,118,Viet Nam,0.693,75.3,12.7,8.2,6220,118,MEDIUM HDI,VN,VNM,Hanoi,Asia,South-Eastern Asia,92700000,https://restcountries.eu/data/vnm.svg
118,119,"Palestine, State of",0.69,73.9,12.8,9.1,5314,119,MEDIUM HDI,PS,PSE,Ramallah,Asia,Western Asia,4682467,https://restcountries.eu/data/pse.svg
119,120,Iraq,0.6890000000000001,70.5,11.1,7.3,15365,120,MEDIUM HDI,IQ,IRQ,Baghdad,Asia,Western Asia,37883543,https://restcountries.eu/data/irq.svg
120,121,Morocco,0.6759999999999999,76.5,13.1,5.5,7480,121,MEDIUM HDI,MA,MAR,Rabat,Africa,Northern Africa,33337529,https://restcountries.eu/data/mar.svg
121,122,Kyrgyzstan,0.674,71.3,13.4,10.9,3316,122,MEDIUM HDI,KG,KGZ,Bishkek,Asia,Central Asia,6047800,https://restcountries.eu/data/kgz.svg
122,123,Guyana,0.67,69.8,11.5,8.5,7615,123,MEDIUM HDI,GY,GUY,Georgetown,Americas,South America,746900,https://restcountries.eu/data/guy.svg
123,124,El Salvador,0.667,73.1,12.0,6.9,6973,124,MEDIUM HDI,SV,SLV,San Salvador,Americas,Central America,6520675,https://restcountries.eu/data/slv.svg
124,125,Tajikistan,0.6559999999999999,70.9,11.4,10.7,3481,126,MEDIUM HDI,TJ,TJK,Dushanbe,Asia,Central Asia,8593600,https://restcountries.eu/data/tjk.svg
125,126,Cabo Verde,0.6509999999999999,72.8,11.9,6.2,6513,128,MEDIUM HDI,CV,CPV,Praia,Africa,Western Africa,531239,https://restcountries.eu/data/cpv.svg
126,127,Guatemala,0.6509999999999999,74.1,10.6,6.5,7377,127,MEDIUM HDI,GT,GTM,Guatemala City,Americas,Central America,16176133,https://restcountries.eu/data/gtm.svg
127,128,Nicaragua,0.6509999999999999,74.3,12.2,6.8,4790,125,MEDIUM HDI,NI,NIC,Managua,Americas,Central America,6262703,https://restcountries.eu/data/nic.svg
128,129,India,0.647,69.4,12.3,6.5,6829,129,MEDIUM HDI,IN,IND,New Delhi,Asia,Southern Asia,1295210000,https://restcountries.eu/data/ind.svg
129,130,Namibia,0.645,63.4,12.6,6.9,9683,129,MEDIUM HDI,NA,NAM,Windhoek,Africa,Southern Africa,2324388,https://restcountries.eu/data/nam.svg
130,131,Timor-Leste,0.626,69.3,12.4,4.5,7527,131,MEDIUM HDI,TL,TLS,Dili,Asia,South-Eastern Asia,1167242,https://restcountries.eu/data/tls.svg
131,132,Honduras,0.623,75.1,10.2,6.6,4258,133,MEDIUM HDI,HN,HND,Tegucigalpa,Americas,Central America,8576532,https://restcountries.eu/data/hnd.svg
132,133,Kiribati,0.623,68.1,11.8,7.9,3917,132,MEDIUM HDI,KI,KIR,South Tarawa,Oceania,Micronesia,113400,https://restcountries.eu/data/kir.svg
133,134,Bhutan,0.617,71.5,12.1,3.1,8609,134,MEDIUM HDI,BT,BTN,Thimphu,Asia,Southern Asia,775620,https://restcountries.eu/data/btn.svg
134,135,Bangladesh,0.614,72.3,11.2,6.1,4056,136,MEDIUM HDI,BD,BGD,Dhaka,Asia,Southern Asia,161006790,https://restcountries.eu/data/bgd.svg
135,136,Micronesia (Federated States of),0.614,67.8,11.5,7.7,3700,135,MEDIUM HDI,FM,FSM,Palikir,Oceania,Micronesia,102800,https://restcountries.eu/data/fsm.svg
136,137,Sao Tome and Principe,0.609,70.2,12.7,6.4,3023,138,MEDIUM HDI,ST,STP,São Tomé,Africa,Middle Africa,187356,https://restcountries.eu/data/stp.svg
137,138,Congo,0.608,64.3,11.6,6.5,5803,136,MEDIUM HDI,CG,COG,Brazzaville,Africa,Middle Africa,4741000,https://restcountries.eu/data/cog.svg
138,139,Swaziland,0.608,59.4,11.4,6.7,9359,138,MEDIUM HDI,SZ,SWZ,Lobamba,Africa,Southern Africa,1132657,https://restcountries.eu/data/swz.svg
139,140,Lao People's Democratic Republic,0.604,67.6,11.1,5.2,6317,140,MEDIUM HDI,LA,LAO,Vientiane,Asia,South-Eastern Asia,6492400,https://restcountries.eu/data/lao.svg
140,141,Vanuatu,0.597,70.3,11.4,6.8,2808,141,MEDIUM HDI,VU,VUT,Port Vila,Oceania,Melanesia,277500,https://restcountries.eu/data/vut.svg
141,142,Ghana,0.596,63.8,11.5,7.2,4099,142,MEDIUM HDI,GH,GHA,Accra,Africa,Western Africa,27670174,https://restcountries.eu/data/gha.svg
142,143,Zambia,0.591,63.5,12.1,7.1,3582,144,MEDIUM HDI,ZM,ZMB,Lusaka,Africa,Eastern Africa,15933883,https://restcountries.eu/data/zmb.svg
143,144,Equatorial Guinea,0.588,58.4,9.2,5.6,17796,143,MEDIUM HDI,GQ,GNQ,Malabo,Africa,Middle Africa,1222442,https://restcountries.eu/data/gnq.svg
144,145,Myanmar,0.584,66.9,10.3,5.0,5763,146,MEDIUM HDI,MM,MMR,Naypyidaw,Asia,South-Eastern Asia,51419420,https://restcountries.eu/data/mmr.svg
145,146,Cambodia,0.581,69.6,11.3,4.8,3597,145,MEDIUM HDI,KH,KHM,Phnom Penh,Asia,South-Eastern Asia,15626444,https://restcountries.eu/data/khm.svg
146,147,Kenya,0.579,66.3,11.1,6.6,3052,148,MEDIUM HDI,KE,KEN,Nairobi,Africa,Eastern Africa,47251000,https://restcountries.eu/data/ken.svg
147,148,Nepal,0.579,70.5,12.2,4.9,2748,148,MEDIUM HDI,NP,NPL,Kathmandu,Asia,Southern Asia,28431500,https://restcountries.eu/data/npl.svg
148,149,Angola,0.574,60.8,11.8,5.1,5555,147,MEDIUM HDI,AO,AGO,Luanda,Africa,Middle Africa,25868000,https://restcountries.eu/data/ago.svg
149,150,Cameroon,0.563,58.9,12.7,6.3,3291,150,MEDIUM HDI,CM,CMR,Yaoundé,Africa,Middle Africa,22709892,https://restcountries.eu/data/cmr.svg
150,151,Zimbabwe,0.563,61.2,10.5,8.3,2661,153,MEDIUM HDI,ZW,ZWE,Harare,Africa,Eastern Africa,14240168,https://restcountries.eu/data/zwe.svg
151,152,Pakistan,0.56,67.1,8.5,5.2,5190,151,MEDIUM HDI,PK,PAK,Islamabad,Asia,Southern Asia,194125062,https://restcountries.eu/data/pak.svg
152,153,Solomon Islands,0.557,72.8,10.2,5.5,2026,152,MEDIUM HDI,SB,SLB,Honiara,Oceania,Melanesia,642000,https://restcountries.eu/data/slb.svg
153,154,Syrian Arab Republic,0.5489999999999999,71.8,8.9,5.1,2725,154,LOW HDI,SY,SYR,Damascus,Asia,Western Asia,18564000,https://restcountries.eu/data/syr.svg
154,155,Papua New Guinea,0.5429999999999999,64.3,10.0,4.6,3686,155,LOW HDI,PG,PNG,Port Moresby,Oceania,Melanesia,8083700,https://restcountries.eu/data/png.svg
155,156,Comoros,0.5379999999999999,64.1,11.2,4.9,2426,156,LOW HDI,KM,COM,Moroni,Africa,Eastern Africa,806153,https://restcountries.eu/data/com.svg
156,157,Rwanda,0.536,68.7,11.2,4.4,1959,158,LOW HDI,RW,RWA,Kigali,Africa,Eastern Africa,11553188,https://restcountries.eu/data/rwa.svg
157,158,Nigeria,0.534,54.3,9.7,6.5,5086,157,LOW HDI,NG,NGA,Abuja,Africa,Western Africa,186988000,https://restcountries.eu/data/nga.svg
158,159,"Tanzania, United Republic of",0.528,65.0,8.0,6.0,2805,160,LOW HDI,TZ,TZA,Dodoma,Africa,Eastern Africa,55155000,https://restcountries.eu/data/tza.svg
159,160,Uganda,0.528,63.0,11.2,6.1,1751,160,LOW HDI,UG,UGA,Kampala,Africa,Eastern Africa,33860700,https://restcountries.eu/data/uga.svg
160,161,Mauritania,0.527,64.7,8.5,4.6,3746,159,LOW HDI,MR,MRT,Nouakchott,Africa,Western Africa,3718678,https://restcountries.eu/data/mrt.svg
161,162,Madagascar,0.521,66.7,10.4,6.1,1404,162,LOW HDI,MG,MDG,Antananarivo,Africa,Eastern Africa,22434363,https://restcountries.eu/data/mdg.svg
162,163,Benin,0.52,61.5,12.6,3.8,2135,163,LOW HDI,BJ,BEN,Porto-Novo,Africa,Western Africa,10653654,https://restcountries.eu/data/ben.svg
163,164,Lesotho,0.518,53.7,10.7,6.3,3244,164,LOW HDI,LS,LSO,Maseru,Africa,Southern Africa,1894194,https://restcountries.eu/data/lso.svg
164,165,Côte d'Ivoire,0.516,57.4,9.6,5.2,3589,165,LOW HDI,CI,CIV,Yamoussoukro,Africa,Western Africa,22671331,https://restcountries.eu/data/civ.svg
165,166,Senegal,0.514,67.7,9.0,3.1,3256,166,LOW HDI,SN,SEN,Dakar,Africa,Western Africa,14799859,https://restcountries.eu/data/sen.svg
166,167,Togo,0.513,60.8,12.6,4.9,1593,166,LOW HDI,TG,TGO,Lomé,Africa,Western Africa,7143000,https://restcountries.eu/data/tgo.svg
167,168,Sudan,0.507,65.1,7.7,3.7,3961,168,LOW HDI,SD,SDN,Khartoum,Africa,Northern Africa,39598700,https://restcountries.eu/data/sdn.svg
168,169,Haiti,0.503,63.7,9.5,5.4,1665,169,LOW HDI,HT,HTI,Port-au-Prince,Americas,Caribbean,11078033,https://restcountries.eu/data/hti.svg
169,170,Afghanistan,0.496,64.5,10.1,3.9,1746,170,LOW HDI,AF,AFG,Kabul,Asia,Southern Asia,27657145,https://restcountries.eu/data/afg.svg
170,171,Djibouti,0.495,66.6,6.5,4.0,3601,171,LOW HDI,DJ,DJI,Djibouti,Africa,Eastern Africa,900000,https://restcountries.eu/data/dji.svg
171,172,Malawi,0.485,63.8,11.0,4.6,1159,172,LOW HDI,MW,MWI,Lilongwe,Africa,Eastern Africa,16832910,https://restcountries.eu/data/mwi.svg
172,173,Ethiopia,0.47,66.2,8.7,2.8,1781,173,LOW HDI,ET,ETH,Addis Ababa,Africa,Eastern Africa,92206005,https://restcountries.eu/data/eth.svg
173,174,Gambia,0.466,61.7,9.5,3.7,1490,178,LOW HDI,GM,GMB,Banjul,Africa,Western Africa,1882450,https://restcountries.eu/data/gmb.svg
174,175,Guinea,0.466,61.2,9.0,2.7,2211,175,LOW HDI,GN,GIN,Conakry,Africa,Western Africa,12947000,https://restcountries.eu/data/gin.svg
175,176,Liberia,0.465,63.7,9.6,4.7,1040,173,LOW HDI,LR,LBR,Monrovia,Africa,Western Africa,4615000,https://restcountries.eu/data/lbr.svg
176,177,Yemen,0.46299999999999997,66.1,8.7,3.2,1433,175,LOW HDI,YE,YEM,Sana'a,Asia,Western Asia,27478000,https://restcountries.eu/data/yem.svg
177,178,Guinea-Bissau,0.461,58.0,10.5,3.3,1593,177,LOW HDI,GW,GNB,Bissau,Africa,Western Africa,1547777,https://restcountries.eu/data/gnb.svg
178,179,Congo (Democratic Republic of the),0.45899999999999996,60.4,9.7,6.8,800,179,LOW HDI,CD,COD,Kinshasa,Africa,Middle Africa,85026000,https://restcountries.eu/data/cod.svg
179,180,Mozambique,0.446,60.2,9.7,3.5,1154,180,LOW HDI,MZ,MOZ,Maputo,Africa,Eastern Africa,26423700,https://restcountries.eu/data/moz.svg
180,181,Sierra Leone,0.43799999999999994,54.3,10.2,3.6,1381,181,LOW HDI,SL,SLE,Freetown,Africa,Western Africa,7075641,https://restcountries.eu/data/sle.svg
181,182,Burkina Faso,0.434,61.2,8.9,1.6,1705,183,LOW HDI,BF,BFA,Ouagadougou,Africa,Western Africa,19034397,https://restcountries.eu/data/bfa.svg
182,183,Eritrea,0.434,65.9,5.0,3.9,1708,182,LOW HDI,ER,ERI,Asmara,Africa,Eastern Africa,5352000,https://restcountries.eu/data/eri.svg
183,184,Mali,0.42700000000000005,58.9,7.6,2.4,1965,184,LOW HDI,ML,MLI,Bamako,Africa,Western Africa,18135000,https://restcountries.eu/data/mli.svg
184,185,Burundi,0.423,61.2,11.3,3.1,660,185,LOW HDI,BI,BDI,Bujumbura,Africa,Eastern Africa,10114505,https://restcountries.eu/data/bdi.svg
185,186,South Sudan,0.413,57.6,5.0,4.8,1455,186,LOW HDI,SS,SSD,Juba,Africa,Middle Africa,12131000,https://restcountries.eu/data/ssd.svg
186,187,Chad,0.401,54.0,7.5,2.4,1716,187,LOW HDI,TD,TCD,N'Djamena,Africa,Middle Africa,14497000,https://restcountries.eu/data/tcd.svg
187,188,Central African Republic,0.381,52.8,7.6,4.3,777,188,LOW HDI,CF,CAF,Bangui,Africa,Middle Africa,4998000,https://restcountries.eu/data/caf.svg
188,189,Niger,0.377,62.0,6.5,2.0,912,189,LOW HDI,NE,NER,Niamey,Africa,Western Africa,20715000,https://restcountries.eu/data/ner.svg
